metric,value
revenue_base,2812478.423429744
profit_base,1123106.3316136925
revenue_scen,2862830.463557303
profit_scen,1016493.5444988413
