,regression,classification
R²,-0.040984656772840244,
RMSE,0.00013112555392536996,
Accuracy,,0.53125
F1,,0.6036585365853658
